time,seconds_elapsed,z,y,x
1778953044359162400,0.137162353515625,0.16142113506793976,-0.9695958495140076,1.2267701625823975
1778953044375485700,0.153485595703125,-0.08521570265293121,-1.0728321075439453,1.2515101432800293
1778953044391830800,0.169830810546875,-0.33505958318710327,-1.203251838684082,1.3530665636062622
1778953044408182000,0.18618212890625,-0.33337971568107605,-1.2234103679656982,1.4173600673675537
1778953044424506600,0.202506591796875,-0.23411411046981812,-1.0432051420211792,1.504408359527588
1778953044440834000,0.218833984375,-0.3150537610054016,-1.1073459386825562,1.5070046186447144
1778953044457171500,0.23517138671875,-0.697760820388794,-1.2690725326538086,1.425454020500183
1778953044473510000,0.251510009765625,-1.221272349357605,-1.0960450172424316,1.2495248317718506
1778953044489843200,0.26784326171875,-1.7024813890457153,-0.6769914031028748,1.0577131509780884
1778953044506176000,0.284176025390625,-2.0592267513275146,-0.39843684434890747,0.9361509680747986
1778953044522481000,0.30048095703125,-1.786475419998169,-0.038637228310108185,0.8900306820869446
1778953044538846000,0.316845947265625,-0.9950994849205017,0.25442537665367126,0.7254024744033813
1778953044555159000,0.333158935546875,-0.0024434609804302454,0.12308934330940247,0.4992296099662781
1778953044571512800,0.349512939453125,0.7141014933586121,0.1511891484260559,0.44089198112487793
1778953044587844600,0.3658447265625,0.7980954647064209,0.29138273000717163,0.6583600044250488
1778953044604163600,0.38216357421875,0.7547240257263184,-0.0708603709936142,0.6831000447273254
1778953044620513300,0.39851318359375,0.5911648273468018,-0.2246456891298294,0.8358163833618164
1778953044636841200,0.41484130859375,0.31871894001960754,-0.0731511116027832,1.1788171529769897
1778953044653175600,0.431175537109375,0.16951510310173035,-0.44394633173942566,1.553583025932312
1778953044669509400,0.44750927734375,0.06291911751031876,-1.1804970502853394,1.8588629961013794
1778953044685845200,0.46384521484375,-0.09728029370307922,-1.6704109907150269,2.0428860187530518
1778953044702180600,0.4801806640625,-0.3827070891857147,-1.8333593606948853,1.8949040174484253
1778953044718497800,0.496497802734375,-0.5216789245605469,-1.652695894241333,1.5053247213363647
1778953044734849000,0.51284912109375,-0.44425174593925476,-1.2996158599853516,1.0668761730194092
1778953044751168300,0.529168212890625,-0.2886338233947754,-1.1059715747833252,0.8170322775840759
1778953044767513900,0.545513916015625,-0.23426681756973267,-0.9980010986328125,0.8355109095573425
1778953044783847400,0.561847412109375,-0.3500257730484009,-1.2463178634643555,0.9758572578430176
1778953044800178400,0.578178466796875,-0.5077817440032959,-1.5205962657928467,1.1218540668487549
1778953044816502800,0.594502685546875,-0.5801692605018616,-1.3611605167388916,1.1311696767807007
1778953044832836600,0.610836669921875,-0.5514585971832275,-0.8520042896270752,0.9111055135726929
1778953044849171700,0.627171630859375,-0.28206703066825867,-0.3828597962856293,0.6826419234275818
1778953044865503500,0.64350341796875,0.23426681756973267,0.166460782289505,0.5218316316604614
1778953044881834500,0.65983447265625,0.2837468981742859,0.0757472887635231,0.39935314655303955
1778953044898176000,0.676176025390625,-0.11148291081190109,-1.2246321439743042,0.41141775250434875
1778953044914501600,0.692501708984375,-0.1290452778339386,-2.143984317779541,0.5537493228912354
1778953044930838800,0.7088388671875,0.2770273983478546,-2.043649673461914,0.5484042763710022
1778953044947177500,0.725177490234375,0.7260133624076843,-1.3145819902420044,0.6498079299926758
1778953044963520500,0.7415205078125,0.9198103547096252,-0.11804971098899841,0.8069530129432678
1778953044979851300,0.757851318359375,0.5998696684837341,0.060322944074869156,0.6294966340065002
1778953044996175000,0.774175048828125,0.15271630883216858,-0.16982053220272064,0.5723807215690613
1778953045012520200,0.790520263671875,-0.023060163483023643,-0.24358251690864563,0.44318273663520813
1778953045028836600,0.806836669921875,0.023365596309304237,-0.13775011897087097,0.44104471802711487
1778953045045186300,0.823186279296875,0.06230825558304787,0.021380282938480377,0.6407976150512695
1778953045061515800,0.839515869140625,0.1082758679986,-0.01664607785642147,0.7186829447746277
1778953045077858000,0.855858154296875,0.02672535367310047,-0.22021691501140594,0.6024658679962158
1778953045094187000,0.87218701171875,-0.21013765037059784,0.08368854224681854,0.13469578325748444
1778953045110519000,0.88851904296875,-0.2874121069908142,0.4366159439086914,-0.4334088861942291
1778953045126856000,0.90485595703125,-0.18081611394882202,0.806647539138794,-0.6627888083457947
1778953045143211300,0.921211181640625,-0.13240504264831543,0.9282097220420837,-0.6325509548187256
1778953045159519200,0.937519287109375,-0.06841690838336945,0.6745479702949524,-0.2814561724662781
1778953045175855900,0.95385595703125,0.016951510682702065,0.33292156457901,0.29077184200286865
1778953045192193500,0.970193603515625,0.16722436249256134,0.3179553747177124,0.6261368989944458
1778953045208517000,0.98651708984375,0.1739438772201538,0.361174076795578,0.7715228199958801
1778953045224850400,1.002850341796875,0.07422012835741043,0.5410739183425903,0.9595165848731995
1778953045241192400,1.0191923828125,-0.021991148591041565,0.6235406994819641,1.010523796081543
1778953045257529300,1.035529296875,-0.03039054572582245,0.32330042123794556,0.7811439037322998
1778953045273849900,1.051849853515625,-0.1258382350206375,0.19333885610103607,0.44806966185569763
1778953045290186000,1.06818603515625,-0.14446963369846344,0.17150041460990906,0.0607810914516449
1778953045306499300,1.084499267578125,-0.09392052888870239,0.07666359096765518,-0.285121351480484
1778953045322844000,1.100843994140625,-0.010231993161141872,0.10461067408323288,-0.3773620128631592
1778953045339169300,1.117169189453125,0.09269879758358002,0.02015855349600315,-0.3617849349975586
1778953045355511600,1.133511474609375,0.14538592100143433,-0.08048149943351746,-0.2562579810619354
1778953045371843600,1.149843505859375,0.1488984078168869,-0.036651913076639175,-0.0988074541091919
1778953045388177200,1.16617724609375,0.1408044397830963,0.014813481830060482,0.0757472887635231
1778953045404511700,1.18251171875,0.11881329119205475,0.06154467165470123,0.24404066801071167
1778953045420844300,1.19884423828125,0.0022907445672899485,0.0780380368232727,0.3520110845565796
1778953045437180200,1.21518017578125,-0.14523321390151978,0.05910121276974678,0.3926336467266083
1778953045453529900,1.23152978515625,-0.1999056488275528,0.010842857882380486,0.4366159439086914
1778953045469854000,1.24785400390625,-0.2226603776216507,-0.06444628536701202,0.45036038756370544
1778953045486196200,1.2641962890625,-0.22281309962272644,-0.1267545372247696,0.3510948121547699
1778953045502523400,1.2805234375,-0.17027868330478668,-0.1264491081237793,0.16264286637306213
1778953045518864600,1.29686474609375,-0.06185010448098183,-0.13316862285137177,0.008399397134780884
1778953045535188700,1.313188720703125,0,-0.17608191072940826,-0.04199698567390442
1778953045551530200,1.3295302734375,0.01466076634824276,-0.1788308024406433,-0.018325956538319588
1778953045567862800,1.34586279296875,-0.013744467869400978,-0.10751228034496307,-0.04108068719506264
1778953045584198400,1.362198486328125,-0.0507018156349659,-0.11010845750570297,-0.11530081182718277
1778953045600523300,1.378523193359375,-0.04993823543190956,-0.2076941877603531,-0.16951510310173035
1778953045616848100,1.39484814453125,-0.04795292019844055,-0.2041817009449005,-0.16630806028842926
1778953045633187300,1.411187255859375,-0.08032877743244171,-0.1443169116973877,-0.18188512325286865
1778953045649496000,1.42749609375,-0.08811730891466141,-0.10201449692249298,-0.2379320114850998
1778953045665839400,1.44383935546875,-0.04642575979232788,-0.09544769674539566,-0.23457226157188416
1778953045682195000,1.46019482421875,-0.017867809161543846,-0.21303924918174744,-0.20402899384498596
1778953045698529300,1.476529296875,0.07192938029766083,-0.3683517575263977,-0.12370020896196365
1778953045714872600,1.49287255859375,0.2658790946006775,-0.5971207618713379,0.002138028386980295
1778953045731194400,1.5091943359375,0.7043276429176331,-1.6198619604110718,0.1963931769132614
1778953045747528400,1.525528564453125,1.2983940839767456,-2.950631856918335,0.6727153658866882
1778953045763864600,1.541864501953125,1.7599027156829834,-3.9800925254821777,1.1908818483352661
1778953045780196000,1.558196044921875,2.1930062770843506,-4.402200222015381,1.2470813989639282
1778953045796514000,1.57451416015625,2.352900266647339,-3.794084072113037,1.4486669301986694
1778953045812851000,1.590850830078125,2.6400067806243896,-4.075845718383789,1.6307047605514526
1778953045829187300,1.607187255859375,3.377932071685791,-6.333756446838379,1.754557728767395
1778953045845517300,1.623517333984375,4.400062561035156,-8.048760414123535,2.3710734844207764
1778953045861847000,1.639846923828125,5.150662899017334,-7.552279949188232,3.5964691638946533
1778953045878184700,1.656184814453125,5.6737165451049805,-6.884603977203369,4.461912631988525
1778953045894523600,1.672523681640625,5.832083225250244,-6.268393516540527,4.86111307144165
1778953045910846500,1.688846435546875,5.7438130378723145,-5.219232559204102,4.512003421783447
1778953045927178800,1.7051787109375,5.429981231689453,-3.7699549198150635,3.416874647140503
1778953045943533600,1.721533447265625,4.734205722808838,-2.079538106918335,1.9469802379608154
1778953045959855000,1.737855224609375,3.938706398010254,-0.7951938509941101,0.42042800784111023
1778953045976198100,1.7541982421875,3.2340734004974365,-0.19333885610103607,-0.5656611919403076
1778953045992516400,1.770516357421875,2.934138536453247,-0.811687171459198,-0.9221010804176331
1778953046008867600,1.78686767578125,2.4669792652130127,-1.9104810953140259,-0.4720461070537567
1778953046025184300,1.803184326171875,-2.277763843536377,-3.3516647815704346,-0.7243334650993347
1778953046041528000,1.819528076171875,-2.440101146697998,-3.5129332542419434,-0.10491610318422318
1778953046057870800,1.835870849609375,-0.41859540343284607,-2.596788167953491,0.02886338345706463
1778953046074199800,1.85219970703125,0.34605515003204346,-0.38728857040405273,0.6026185750961304
1778953046090532900,1.868532958984375,0.9152288436889648,0.30833423137664795,1.2986994981765747
1778953046106867500,1.884867431640625,0.8484918475151062,0.5467243790626526,1.2365440130233765
1778953046123203300,1.901203369140625,0.5294674634933472,-0.043218716979026794,-0.4014911949634552
1778953046139531300,1.91753125,0.5279402732849121,-0.5401576161384583,-0.3949243724346161
1778953046155862500,1.933862548828125,0.570853590965271,-0.8979719281196594,0.3399465084075928
1778953046172204800,1.950204833984375,0.39354994893074036,-0.7651087045669556,0.45142942667007446
1778953046188531700,1.96653173828125,0.6594290137290955,-0.4521929919719696,-0.07223481684923172
1778953046204872200,1.9828720703125,0.3433062732219696,-0.2557998299598694,-0.4795292317867279
1778953046221200400,1.999200439453125,0.42302417755126953,-0.14065171778202057,-0.8891143798828125
1778953046237537300,2.015537353515625,1.4605787992477417,-0.2557998299598694,-1.1464413404464722
1778953046253869000,2.031869140625,2.758056640625,-1.480737328529358,-0.8713992834091187
1778953046270194000,2.04819384765625,2.621070146560669,-1.3005321025848389,-0.7486153841018677
1778953046286517500,2.064517578125,2.079996109008789,-0.16050484776496887,-1.3074043989181519
1778953046302843400,2.080843505859375,1.9593502283096313,0.19288070499897003,-1.5905404090881348
1778953046319192600,2.097192626953125,1.9970711469650269,0.27030786871910095,-1.8486309051513672
1778953046335521000,2.11352099609375,3.057075023651123,-0.475253164768219,-2.721557378768921
1778953046351857400,2.129857421875,3.124575614929199,-0.9172141551971436,-3.3374621868133545
1778953046368192300,2.146192138671875,3.598454475402832,0.5525276064872742,-3.0951015949249268
1778953046384522500,2.1625224609375,4.644255638122559,0.6382014751434326,-2.136195659637451
1778953046400857600,2.178857666015625,1.5460999011993408,1.2909109592437744,-1.3393220901489258
1778953046417192000,2.19519189453125,-0.12721268832683563,0.57436603307724,-0.0780380368232727
1778953046433539800,2.211539794921875,1.5262467861175537,0.9645562171936035,0.1134682223200798
1778953046449855700,2.227855712890625,2.1068742275238037,1.2573133707046509,-0.2814561724662781
1778953046466205000,2.244204833984375,1.870163917541504,0.5145012736320496,-0.9442449808120728
1778953046482536400,2.260536376953125,1.0764973163604736,-0.44089198112487793,-1.4353805780410767
1778953046498846500,2.276846435546875,0.6053674817085266,-0.4726569950580597,-1.0680978298187256
1778953046515215600,2.293215576171875,0.4225660264492035,0.1748601794242859,-0.39874228835105896
1778953046531532800,2.30953271484375,1.0974193811416626,-1.0561859607696533,0.03084869496524334
1778953046547877000,2.325877197265625,1.1530081033706665,-1.1424707174301147,0.32330042123794556
1778953046564197400,2.342197265625,1.2421945333480835,-0.827722430229187,0.2971859276294708
1778953046580553500,2.358553466796875,1.5363260507583618,0.03695734590291977,0.13148874044418335
1778953046596872000,2.374871826171875,1.9593502283096313,-0.1921171247959137,-0.16661348938941956
1778953046613180200,2.39118017578125,1.7760907411575317,-0.1647808998823166,0.192422553896904
1778953046629540900,2.407540771484375,1.4619532823562622,-0.2616030275821686,0.33276882767677307
1778953046645841400,2.42384130859375,1.244943380355835,-0.10262536257505417,0.3500257730484009
1778953046662206000,2.4402060546875,1.0355693101882935,0.20570887625217438,0.17043140530586243
1778953046678541000,2.456541015625,0.7287622094154358,0.42867469787597656,-0.22250767052173615
1778953046694874000,2.4728740234375,0.31383201479911804,0.3703370690345764,-0.532369077205658
1778953046711208400,2.48920849609375,-0.26633724570274353,-0.30741792917251587,-0.5616905689239502
1778953046727539700,2.505539794921875,-1.270447015762329,-0.7932085394859314,-0.47571131587028503
1778953046743874300,2.521874267578125,-2.6511552333831787,-1.3915510177612305,-0.03191770985722542
1778953046760207400,2.538207275390625,-3.63220477104187,-1.6713273525238037,0.413555771112442
1778953046776535600,2.55453564453125,-2.6091582775115967,-1.5209017992019653,0.5902485251426697
1778953046792864500,2.570864501953125,-0.0861319974064827,0.35155296325683594,0.42500948905944824
1778953088403274500,44.1812744140625,0.14828753471374512,0.9028588533401489,-0.12018773704767227
1778953088415501800,44.19350170898438,0.059406645596027374,0.737772524356842,-0.10277807712554932
1778953088431837700,44.209837646484374,-0.1843285858631134,0.020616702735424042,-0.13377949595451355
1778953088448171000,44.2261708984375,-0.5161811113357544,-0.7309002876281738,-0.2611449062824249
1778953088464518000,44.242517822265626,-0.6359107494354248,-1.1676689386367798,-0.4795292317867279
1778953088480845800,44.258845703125,-0.5958990454673767,-1.0018190145492554,-0.5850561857223511
1778953088497179400,44.27517944335938,-0.42668938636779785,-0.7757988572120667,-0.5774203538894653
1778953088513495600,44.29149560546875,-0.21533000469207764,-0.7687739133834839,-0.5768095254898071
1778953088529841700,44.307841552734374,-0.11224649101495743,-0.7834346890449524,-0.7244861721992493
1778953088546160400,44.324160400390625,0.008246680721640587,-0.5943718552589417,-0.9459248185157776
1778953088562505200,44.340505126953126,0.19883663952350616,-0.27641651034355164,-1.0746647119522095
1778953088578835700,44.35683569335937,0.4584543704986572,-0.10949759185314178,-1.0062477588653564
1778953088595170000,44.373170166015626,0.7802276611328125,-0.1333213448524475,-0.8597928285598755
1778953088611516400,44.389516357421876,1.060920238494873,-0.0679587572813034,-0.6569855809211731
1778953088627842800,44.4058427734375,1.2040153741836548,0.10216721147298813,-0.4763221740722656
1778953088644161800,44.42216186523437,1.2049317359924316,0.14049901068210602,-0.3090978264808655
1778953088660496600,44.43849658203125,1.0338894128799438,-0.059864792972803116,-0.1508837193250656
1778953088676841000,44.45484106445313,0.7296785116195679,-0.25213462114334106,-0.02382374368607998
1778953088693171500,44.47117138671875,0.4245513379573822,-0.28038713335990906,-0.006108652334660292
1778953088709465600,44.48746557617188,0.313373863697052,-0.19608774781227112,-0.023976460099220276
1778953088725843000,44.50384301757813,0.3397938013076782,-0.18157969415187836,-0.03420845419168472
1778953088742165800,44.52016577148437,0.3223841190338135,-0.1794416606426239,-0.04382958263158798
1778953088758499600,44.53649951171875,0.3669773042201996,-0.2324342280626297,0.06230825558304787
1778953088774828300,44.55282836914063,0.7539604306221008,-0.28725937008857727,0.32971450686454773
1778953088791150000,44.569150146484375,1.178053617477417,-0.28496864438056946,0.4944954216480255
1778953088807476500,44.5854765625,1.2289081811904907,-0.04688390716910362,0.5233588218688965
1778953088823812900,44.601812744140624,1.2110403776168823,0.15225815773010254,0.6111706495285034
1778953088840143400,44.61814331054688,1.2409727573394775,0.0003054326225537807,0.6375905871391296
1778953088856462800,44.634462890625,0.9471465349197388,0.33139440417289734,0.835358202457428
1778953088872805600,44.6508056640625,0.6757696866989136,0.31932979822158813,1.0824532508850098
1778953088889138200,44.66713818359375,0.3136793076992035,-0.1313360333442688,1.1355985403060913
1778953088905493000,44.683492919921875,0.12782354652881622,-0.6160575747489929,0.9515753388404846
1778953088921785900,44.699785888671876,-0.04382958263158798,-0.7573201656341553,0.4983133375644684
1778953088938132500,44.71613256835938,0.06704246252775192,-0.3761402666568756,0.14049901068210602
1778953088954466300,44.73246630859375,0.14874568581581116,0.016951510682702065,-0.06872233748435974
1778953088970797800,44.7487978515625,0.16401731967926025,0.17577648162841797,-0.06948592513799667
1778953088987136800,44.76513671875,0.13866640627384186,0.10018189996480942,0.09514226019382477
1778953089003458600,44.78145849609375,0.024129176512360573,-0.060475658625364304,0.2782491147518158
1778953089019780000,44.797780029296874,-0.08536841720342636,-0.1189660057425499,0.3023782968521118
1778953089036134400,44.81413452148438,-0.09773843735456467,0.014049900695681572,0.0832303911447525
1778953089052474000,44.83047412109375,-0.09285151958465576,0.34055736660957336,-0.20723603665828705
1778953089068798500,44.84679858398437,-0.11682797968387604,0.5613851547241211,-0.38957929611206055
1778953089085135400,44.86313525390625,-0.1595885455608368,0.5091561675071716,-0.3804163336753845
1778953089101464000,44.879464111328126,-0.28527405858039856,0.3491095006465912,-0.24648413062095642
1778953089117793300,44.895793212890624,-0.4254676401615143,0.280539870262146,-0.09896016865968704
1778953089134130700,44.912130615234375,-0.5418374538421631,0.19074267148971558,0.04535674303770065
1778953089150461000,44.9284609375,-0.6363688707351685,0.1215621829032898,0.1385136991739273
1778953089166793200,44.94479321289062,-0.7289149761199951,0.17623461782932281,0.23121249675750732
1778953089183123500,44.96112353515625,-0.7831292152404785,0.21349740028381348,0.37491855025291443
1778953089199454200,44.9774541015625,-0.7733554244041443,0.20463985204696655,0.5450445413589478
1778953089215786800,44.99378686523438,-0.7053966522216797,0.14844025671482086,0.6081163287162781
1778953089232124000,45.0101240234375,-0.5835290551185608,0.1014036312699318,0.4781547784805298
1778953089248444700,45.02644458007813,-0.4660901725292206,0.1765400618314743,0.21884247660636902
1778953089264783400,45.04278344726563,-0.39217549562454224,0.2509129047393799,-0.007024950347840786
1778953089281120000,45.0591201171875,-0.32162055373191833,0.2477058619260788,-0.11301007121801376
1778953089297429800,45.0754296875,-0.2347249686717987,0.23380866646766663,-0.0861319974064827
1778953089313764400,45.091764404296875,-0.17241671681404114,0.2021963894367218,0
1778953089330083000,45.1080830078125,-0.12553280591964722,0.15821409225463867,0.07192938029766083
1778953089346430500,45.12443041992187,-0.06933320313692093,0.0503963828086853,0.0708603709936142
1778953089362749700,45.140749755859375,-0.04581489413976669,-0.043676864355802536,0.005192354787141085
1778953089379090000,45.15708984375,-0.016340645030140877,-0.02535090781748295,-0.11789698898792267
1778953089395439600,45.17343969726563,0.06612616032361984,0.06673702597618103,-0.2070833146572113
1778953089411751400,45.18975146484375,0.14294247329235077,0.18967366218566895,-0.20891591906547546
1778953089428074500,45.206074462890626,0.11285735666751862,0.23900102078914642,-0.10659598559141159
1778953089444417800,45.22241772460937,0.038026362657547,0.18035796284675598,0.028557950630784035
1778953089460748000,45.238748046875,0.030695978552103043,0.10506882518529892,0.17043140530586243
1778953089477082000,45.25508203125,0.046731192618608475,0.053297992795705795,0.24037547409534454
1778953089493400300,45.271400390625,0.07513642311096191,0.04077525436878204,0.28435778617858887
1778953089509761500,45.287761474609376,-0.011453723534941673,-0.22632557153701782,0.3142901659011841
1778953089526090500,45.30409057617187,-0.0009162978967651725,-0.3274237811565399,0.242513507604599
1778953089542423600,45.32042358398437,0.07941248267889023,0.013286318629980087,0.09178250283002853
1778953089558756000,45.336756103515626,0.15347988903522491,0.1560760736465454,0.1368338167667389
1778953089575067000,45.35306689453125,0.23609942197799683,-0.21930062770843506,0.3640756905078888
1778953089591400700,45.369400634765626,0.3006984293460846,-0.6296493411064148,0.5971207618713379
1778953089607728600,45.38572875976563,0.32391130924224854,-0.8825475573539734,0.6892086863517761
1778953089624079600,45.40207958984375,0.3533855378627777,-0.9810495972633362,0.6035348773002625
1778953089640396300,45.41839624023437,0.43249258399009705,-0.917672336101532,0.3723223805427551
1778953089656745000,45.434744873046874,0.521984338760376,-0.6841690540313721,0.12782354652881622
1778953089673100300,45.451100341796874,0.5813909769058228,-0.45204028487205505,-0.012675453908741474
1778953089689407200,45.4674072265625,0.5833762884140015,-0.34926220774650574,0.026114489883184433
1778953089705737700,45.48373779296875,0.5684100985527039,-0.47189339995384216,0.18295414745807648
1778953089722071800,45.50007177734375,0.5922338366508484,-0.6311765313148499,0.32528573274612427
1778953089738399500,45.5163994140625,0.6420193910598755,-0.7006624341011047,0.4106541574001312
1778953089754740000,45.532739990234376,0.6801984310150146,-0.7133378982543945,0.39095374941825867
1778953089771064300,45.549064208984376,0.6817256212234497,-0.6392704844474792,0.26404649019241333
1778953089787381800,45.5653818359375,0.6446155309677124,-0.609338104724884,0.12202033400535583
1778953089803716400,45.58171630859375,0.5914703011512756,-0.6247624158859253,0.005345070734620094
1778953089820047000,45.598047119140624,0.6152940392494202,-0.6345362663269043,-0.09193521738052368
1778953089836380700,45.614380615234374,0.6165157556533813,-0.5780312418937683,-0.15332718193531036
1778953089852710000,45.6307099609375,0.5765040516853333,-0.5151121020317078,-0.10812314599752426
1778953089869041700,45.647041748046874,0.4818199574947357,-0.43050727248191833,0.01038470957428217
1778953089885382100,45.66338208007812,0.4109596014022827,-0.28588494658470154,0.11636982858181
1778953089901702400,45.67970239257812,0.3407101035118103,-0.22571471333503723,0.1661553531885147
1778953089918039000,45.6960390625,0.275347501039505,-0.20601430535316467,0.17104226350784302
1778953089934366700,45.71236669921875,0.21242839097976685,-0.18600846827030182,0.1342376321554184
1778953089950693600,45.72869360351562,0.14156801998615265,-0.14019356667995453,0.07254024595022202
1778953089967034600,45.74503466796875,0.09666942805051804,-0.05665775015950203,0.02580905705690384
1778953089983364900,45.76136474609375,0.06490442901849747,0.01466076634824276,0.004734205547720194
1778953089999751200,45.777751220703124,0.04596760869026184,0.03573561832308769,0.02076941914856434
1778953090016008700,45.7940087890625,0.03756821155548096,0.0009162978967651725,0.04917465150356293
1778953090032373800,45.810373779296874,0.02474004216492176,-0.047189339995384216,0.04382958263158798
1778953090048702000,45.826701904296876,0.019547687843441963,-0.035582900047302246,0.006719517521560192
1778953090065041000,45.843041015625,0.00733038317412138,-0.009162978269159794,-0.0012217304902151227
1778953090081351700,45.8593515625,0.00045814894838258624,-0.004428773187100887,0.00809396430850029
1778953090097676300,45.87567626953125,0.005192354787141085,0.006108652334660292,0.010231993161141872
1778953090114038300,45.89203833007812,0.01191187184303999,0.03680463135242462,0.009773843921720982
1778953090130365200,45.908365234375,0.009468411095440388,0.04260785132646561,0.023365596309304237
1778953090146697500,45.92469750976562,-0.005650503560900688,0.05375614017248154,0.019089538604021072
1778953090163028500,45.94102856445313,-0.020463986322283745,0.06948592513799667,0.011453723534941673
1778953090179362000,45.95736206054688,-0.03741549700498581,0.0809396430850029,-0.0027488935738801956
1778953090195691500,45.97369140625,-0.04795292019844055,0.11133018881082535,-0.02733621932566166
1778953090212021800,45.99002172851562,-0.05161811411380768,0.17547103762626648,-0.03145955875515938
1778953090228358000,46.00635791015625,-0.0754418596625328,0.2554943859577179,-0.010995574295520782
1778953090244684000,46.02268408203125,-0.10506882518529892,0.2817615866661072,0.009621127508580685
1778953090261020000,46.03902001953125,-0.1385136991739273,0.3010038435459137,0.014049900695681572
1778953090277343500,46.055343505859376,-0.1742493063211441,0.40622538328170776,-0.012522737495601177
1778953090293668400,46.07166845703125,-0.2808452844619751,0.5786421298980713,-0.08704829961061478
1778953090310000600,46.088000732421875,-0.4245513379573822,0.7049384713172913,-0.16233743727207184
1778953090326324500,46.104324462890624,-0.460897833108902,0.7305948138237,-0.17088955640792847
1778953090342664000,46.120663818359375,-0.4521929919719696,0.7438811659812927,-0.1492038369178772
1778953090358995700,46.13699560546875,-0.4518875777721405,0.8187121152877808,-0.09957103431224823
1778953090375328800,46.153328857421876,-0.5326744914054871,0.8460483551025391,-0.054825156927108765
1778953090391658800,46.16965869140625,-0.6876815557479858,0.7347181439399719,-0.01114829070866108
1778953090407991800,46.18599169921875,-0.775340735912323,0.5195409059524536,0.013133603148162365
1778953090424323800,46.20232373046875,-0.7890852093696594,0.41493022441864014,0.00733038317412138
1778953090440654800,46.21865478515625,-0.7692320346832275,0.4466952085494995,0
1778953090456987000,46.23498681640625,-0.7174612283706665,0.49067750573158264,0.010231993161141872
1778953090473318000,46.25131787109375,-0.6493497490882874,0.5112941861152649,0.02871066704392433
1778953090489663700,46.267663818359374,-0.6140722632408142,0.48288896679878235,0.05451972410082817
1778953090505998000,46.283998046875,-0.6209444999694824,0.41202861070632935,0.05115996301174164
1778953090522324000,46.30032397460938,-0.6446155309677124,0.38469240069389343,-0.012828170321881771
1778953090538661600,46.31666162109375,-0.6414085030555725,0.36010506749153137,-0.0907134860754013
1778953090554979300,46.332979248046875,-0.5879577994346619,0.32070425152778625,-0.08078692853450775
1778953090571307500,46.3493076171875,-0.5064072608947754,0.2724458873271942,0.04948008432984352
1778953090587655700,46.36565576171875,-0.38896843791007996,0.2099849283695221,0.21349740028381348
1778953090604009000,46.382009033203126,-0.25564709305763245,0.0913243517279625,0.3010038435459137
1778953090620317000,46.39831689453125,-0.1368338167667389,-0.044287730008363724,0.29306259751319885
1778953090636651500,46.414651611328125,0.0039706239476799965,-0.09682214260101318,0.2165517359972
1778953090652982300,46.43098217773438,0.01725694350898266,-0.10506882518529892,0.13240504264831543
1778953090669313000,46.44731298828125,-0.036193765699863434,-0.1371392458677292,0.07467827945947647
1778953090685636400,46.46363623046875,0.05711590126156807,-0.21090123057365417,0.03191770985722542
1778953090701973500,46.47997338867187,0.2165517359972,-0.15882496535778046,-0.025503624230623245
1778953090718309600,46.4963095703125,0.2571742534637451,-0.07437284290790558,-0.05696318298578262
1778953090734632400,46.51263256835937,0.1797471046447754,-0.08628471940755844,-0.040622539818286896
1778953090750980400,46.52898046875,0.05497787147760391,-0.14813482761383057,0.02886338345706463
1778953090767301600,46.54530151367187,-0.10354165732860565,-0.19349156320095062,0.10064005106687546
1778953090783619800,46.56161987304687,-0.28206703066825867,-0.23365595936775208,0.1739438772201538
1778953090799953200,46.577953125,-0.2715296149253845,-0.27977627515792847,0.21319197118282318
1778953090816285700,46.59428564453125,-0.19013181328773499,-0.26710084080696106,0.24129177629947662
1778953090832615700,46.61061572265625,-0.15500704944133759,-0.2506074607372284,0.2719877362251282
1778953090848950300,46.6269501953125,-0.13072516024112701,-0.26251932978630066,0.2405281960964203
1778953090865279500,46.64327954101562,-0.09376781433820724,-0.3721696436405182,0.09193521738052368
1778953090881602800,46.65960278320313,-0.08017606288194656,-0.432645320892334,-0.12018773704767227
1778953090897944000,46.67594409179687,-0.009926560334861279,-0.4265366494655609,-0.2808452844619751
1778953090914264800,46.69226489257812,0.14217889308929443,-0.4671591818332672,-0.26633724570274353
1778953090930609000,46.70860888671875,0.2018909603357315,-0.5288565754890442,-0.07971791177988052
1778953090946927000,46.72492700195313,0.2996293902397156,-0.5436700582504272,0.07910704612731934
1778953090963271700,46.74127172851563,0.3539963960647583,-0.4021020531654358,0.036651913076639175
1778953090979623700,46.75762377929688,0.36193767189979553,-0.23319780826568604,-0.09208793938159943
1778953090995950300,46.773950439453124,0.3594942092895508,-0.021838432177901268,-0.19089539349079132
1778953091012281600,46.79028149414062,0.3539963960647583,0.29504790902137756,-0.22770002484321594
1778953091028612600,46.80661254882813,0.41263946890830994,0.5013676285743713,-0.15683965384960175
1778953091044941300,46.82294140625,0.5190827250480652,0.5390886068344116,0.01878410577774048
1778953091061243600,46.83924365234375,0.5487096905708313,0.47678032517433167,0.11301007121801376
1778953091077608400,46.8556083984375,0.4870123267173767,0.3828597962856293,0.11560624837875366
1778953091093943800,46.87194384765625,0.3358231782913208,0.26679539680480957,0.14156801998615265
1778953091110267000,46.88826684570312,0.14492778480052948,0.14294247329235077,0.1869247704744339
1778953091126608400,46.9046083984375,0.05054909735918045,0.07620543986558914,0.244804248213768
1778953091142931700,46.920931640625,0.030695978552103043,-0.06765332818031311,0.3787364661693573
1778953091159257300,46.93725732421875,-0.039706241339445114,-0.06001751124858856,0.45784351229667664
1778953091175603200,46.953603271484376,-0.11071932315826416,0.01725694350898266,0.4335615932941437
1778953091191896800,46.96989672851562,-0.026114489883184433,0.10262536257505417,0.403323769569397
1778953091208272400,46.9862724609375,0.009010262787342072,0.17333301901817322,0.3068070709705353
1778953091224572000,47.002572021484376,0.033139441162347794,0.2837468981742859,0.23380866646766663
1778953091240924200,47.01892407226563,0.02779436856508255,0.42378777265548706,0.21823160350322723
1778953091257238500,47.035238525390625,0.016951510682702065,0.5245805382728577,0.2802344262599945
1778953091273576700,47.05157666015625,-0.0009162978967651725,0.5694791078567505,0.37171149253845215
1778953091289906000,47.06790600585938,-0.006719517521560192,0.6047565937042236,0.4108068645000458
1778953091306239700,47.08423974609375,0.0988074541091919,0.5725334286689758,0.4239404797554016
1778953091322572000,47.100572021484375,0.1609629988670349,0.4308127164840698,0.4236350357532501
1778953091338903800,47.11690380859375,0.21044307947158813,0.3170390725135803,0.4576907753944397
1778953091355234000,47.13323413085938,0.2768746614456177,0.21624629199504852,0.42928555607795715
1778953091371565800,47.14956591796875,0.34865134954452515,0.25473082065582275,0.25244006514549255
1778953091387897900,47.16589794921875,0.34758231043815613,0.2906191349029541,0.07269296050071716
1778953091404230100,47.18223022460938,0.3332269787788391,0.280539870262146,-0.09208793938159943
1778953091420561700,47.19856176757813,0.25213462114334106,0.1927279829978943,-0.2701551616191864
1778953091436894200,47.214894287109374,0.12217304855585098,0.05726861581206322,-0.40362921357154846
1778953091453222700,47.23122265625,0.03497203439474106,0.0012217304902151227,-0.351400226354599
1778953091469579500,47.24757958984375,0.04337143152952194,-0.01114829070866108,-0.1814269721508026
1778953091485900500,47.263900634765626,0.01038470957428217,0.07330382615327835,0.024434609338641167
1778953091502221000,47.280220947265626,0.04886921867728233,0.11499538272619247,0.18570303916931152
1778953091518565600,47.29656567382813,0.048716504126787186,0.12079860270023346,0.22968533635139465
1778953091534878500,47.31287841796875,0.03084869496524334,0.1313360333442688,0.15653422474861145
1778953091551228400,47.329228515625,-0.00931569468230009,0.14706580340862274,0.03527746722102165
1778953091567530800,47.34553076171875,-0.023976460099220276,0.12767083942890167,-0.07070764899253845
1778953091583896800,47.361896728515624,-0.0705549344420433,0.11224649101495743,-0.09407325088977814
1778953091600213000,47.378212890625,0.038179077208042145,0.07513642311096191,-0.05207626149058342
1778953091616556500,47.394556640625,0.1540907621383667,-0.030543262138962746,0.044745877385139465
1778953091632865000,47.41086499023437,0.23457226157188416,-0.12950342893600464,0.19883663952350616
1778953091649212200,47.427212158203126,0.26313021779060364,-0.18188512325286865,0.3010038435459137
1778953091665536500,47.44353662109375,0.2776382565498352,-0.23273965716362,0.2672535479068756
1778953091681865000,47.45986499023437,0.2919935882091522,-0.24617868661880493,0.19715675711631775
1778953091698206200,47.476206298828124,0.2562579810619354,-0.23579397797584534,0.19135354459285736
1778953091714535400,47.49253540039062,0.20173825323581696,-0.15821409225463867,0.21502456068992615
1778953091730866400,47.50886645507813,0.15500704944133759,-0.07895433157682419,0.2571742534637451
1778953091747177500,47.52517749023438,0.0832303911447525,0.02535090781748295,0.2396118938922882
1778953091763528700,47.54152880859375,0.010995574295520782,0.10965031385421753,0.09056077152490616
1778953091779863000,47.55786303710938,-0.08475755155086517,0.10781771689653397,-0.10476338863372803
1778953091796200200,47.5742001953125,-0.1667662113904953,0.054367005825042725,-0.23884831368923187
1778953091812525600,47.590525634765626,-0.2070833146572113,-0.05146539583802223,-0.3095559775829315
1778953091828853800,47.60685375976563,-0.1774563491344452,-0.15012013912200928,-0.3321579694747925
1778953091845174500,47.62317456054687,-0.25534167885780334,-0.14446963369846344,-0.3623957931995392
1778953091861506000,47.63950610351562,-0.18814650177955627,-0.14874568581581116,-0.34926220774650574
1778953091877843200,47.65584326171875,-0.10735956579446793,-0.12186761945486069,-0.2405281960964203
1778953091894186200,47.672186279296874,-0.20387627184391022,-0.08796459436416626,-0.19608774781227112
1778953091910504200,47.68850415039063,-0.12476922571659088,-0.023365596309304237,-0.15332718193531036
1778953091926848500,47.7048486328125,-0.058337632566690445,0.020005837082862854,-0.02535090781748295
1778953091943178200,47.72117822265625,-0.1875356286764145,0.025961773470044136,0.001679879380390048
1778953091959528200,47.73752807617188,-0.14737124741077423,-0.007177666760981083,0.029932396486401558
1778953091975862000,47.75386206054687,-0.15286903083324432,-0.022143865004181862,0.04917465150356293
1778953091992183600,47.77018359375,-0.054367005825042725,-0.07620543986558914,0.0806342139840126
1778953092008517400,47.78651733398438,0.014355333521962166,-0.08994990587234497,0.08506298810243607
1778953092024855800,47.802855712890626,0.06780604273080826,-0.05971207842230797,0.06505715101957321
1778953092041189400,47.819189453125,0.06551529467105865,-0.0377209298312664,0.045204028487205505
1778953092057505800,47.835505859375,0.061391957104206085,-0.06765332818031311,0.05665775015950203
1778953092073845800,47.851845703125,0.06719517707824707,-0.06841690838336945,0.07254024595022202
1778953092090169600,47.86816967773437,0.07757988572120667,-0.06673702597618103,0.042760565876960754
1778953092106511000,47.884510986328124,0.09346238523721695,-0.07269296050071716,0.013591751456260681
1778953092122814500,47.900814453125,0.10934487730264664,-0.08888089656829834,-0.009468411095440388
1778953092139168000,47.91716796875,0.10461067408323288,-0.048716504126787186,-0.053297992795705795
1778953092155531300,47.93353125,0.09789115190505981,0.0027488935738801956,-0.11301007121801376
1778953092171839700,47.94983984375,0.08124507963657379,0.048716504126787186,-0.1560760736465454
1778953092188138800,47.966138671875,0.05100724846124649,0.09865473955869675,-0.1976149082183838
1778953092204499700,47.98249975585937,0.003359758760780096,0.14095716178417206,-0.21303924918174744
1778953092220816000,47.99881591796875,-0.03726277872920036,0.16294831037521362,-0.1875356286764145
1778953092237165300,48.015165283203125,-0.055283304303884506,0.1365283876657486,-0.15317445993423462
1778953092253492200,48.0314921875,-0.0354301854968071,0.078343465924263,-0.1385136991739273
1778953092269818000,48.04781811523438,-0.022449297830462456,0.045204028487205505,-0.09636399149894714
1778953092286146800,48.064146728515624,-0.019089538604021072,0.022602014243602753,-0.03756821155548096
1778953092302478000,48.08047802734375,-0.01237002108246088,0.025961773470044136,0.004734205547720194
1778953092318814700,48.09681469726563,-0.013439035043120384,0.027641652151942253,0.07360926270484924
1778953092335143200,48.11314306640625,-0.01618792861700058,0.03588833287358284,0.15653422474861145
1778953092351452200,48.1294521484375,0.0012217304902151227,0.06643159687519073,0.17608191072940826
1778953092367808000,48.14580810546875,0.015882495790719986,0.12018773704767227,0.24342979490756989
1778953092384135400,48.16213549804687,0.032528575509786606,0.17852537333965302,0.252287358045578
1778953092400468700,48.17846875,0.04337143152952194,0.22663100063800812,0.17470745742321014
1778953092416802000,48.19480200195313,0.009926560334861279,0.15561792254447937,0.03344487398862839
1778953092433135000,48.21113500976563,-0.0009162978967651725,0.08811730891466141,-0.12461651116609573
1778953092449483000,48.22748291015625,-0.03176499158143997,0.06520986557006836,-0.07880161702632904
